/	data-tra-vel-page="home"
/travel-map/	data-tra-vel-page="travel-map"
/destinations/thailand/	data-guide-slug="thailand"
/flights/	data-experience-kind="flights"
/hotels/	data-experience-kind="hotels"
/packages/	data-experience-kind="packages"
/packages/budapest/	data-tra-vel-page="seo-opportunity"
/destinations/larnaca/	data-destination-map-state="larnaca"
/destinations/crete/	data-destination-map-state="crete"
/travel-insurance/	data-experience-kind="travel-insurance"
/ai-planner/	data-experience-kind="ai-planner"
/destinations/	data-directory-kind="destinations"
/guides/	data-directory-kind="guides"
/saved/	data-tra-vel-page="saved"
/account/	data-tra-vel-page="account"
/partners/	data-tra-vel-page="partners"
